藏藏,希希
藏藏,云云
藏藏,Sisi
藏藏,思思
藏藏,年年
藏藏,旧旧
藏藏,圆圆
藏藏,菲菲
藏藏,土土豆
比比,吼吼
比比,只只
比比,嚷嚷
比比,瓶瓶
比比,吧吧
比比,彭彭
比比,鹤鹤
比比,小伍
比比,闪闪
比比,尤尤
比比,敢敢
比比,悬悬
比比,猫猫
比比,旧旧
比比,黑黑
比比,77
比比,思思
比比,22
比比,熊嚯嚯
比比,京京
比比,哎呦
比比,朗朗
比比,儒儒
比比,懒懒
比比,嘻嘻
比比,嗅嗅
比比,哈哈
比比,薯薯
比比,鱼叔
比比,曦曦
比比,念念
旧旧,藏藏
旧旧,思思
旧旧,Sisi
旧旧,云云
旧旧,年年
旧旧,菲菲
旧旧,比比
旧旧,吧吧
旧旧,敢敢
旧旧,黑黑
旧旧,77
旧旧,悬悬
旧旧,猫猫
旧旧,22
旧旧,熊嚯嚯
旧旧,京京
圆圆,黑黑
圆圆,藏藏
圆圆,丹丹
圆圆,熊嚯嚯
圆圆,22
ff,嗅嗅
ff,黑黑
ff,鱼叔
懒懒,77
懒懒,黑黑
懒懒,吼吼
敢敢,吧吧
敢敢,空空
敢敢,周周
敢敢,小巴子
敢敢,比比
敢敢,瓶瓶
敢敢,旧旧
敢敢,黑黑
敢敢,悬悬
敢敢,77
敢敢,猫猫
敢敢,22
敢敢,熊嚯嚯
敢敢,京京
敢敢,昂昂
敢敢,狠狠
敢敢,香香
敢敢,思思
敢敢,刘恒
敢敢,植物人
敢敢,yoyo
敢敢,大牙
瓶瓶,吧吧
瓶瓶,敢敢
瓶瓶,周周
瓶瓶,空空
瓶瓶,吼吼
瓶瓶,77
瓶瓶,悬悬
瓶瓶,昂昂
瓶瓶,小巴子
瓶瓶,比比
串串,嘻嘻
朗朗,CC
朗朗,小伍
朗朗,船船
朗朗,周周
朗朗,儒儒
朗朗,科科
朗朗,嗅嗅
朗朗,比比
朗朗,慭慭
朗朗,哈哈
朗朗,吧吧
朗朗,植物人
朗朗,小巴子
朗朗,敢敢
朗朗,丫丫
朗朗,悬悬
朗朗,猪猪
朗朗,yoyo
朗朗,黏黏
朗朗,金金
朗朗,XX
朗朗,OO
朗朗,耶耶
朗朗,麻麻
狠狠,吧吧
狠狠,小巴子
狠狠,黑黑
狠狠,香香
狠狠,刘恒
狠狠,昂昂
狠狠,敢敢
狠狠,yoyo
狠狠,悬悬
吧吧,植物人
吧吧,比比
吧吧,敢敢
吧吧,黑黑
吧吧,悬悬
吧吧,周周
吧吧,空空
吧吧,大牙
吧吧,77
吧吧,昂昂
吧吧,京京
吧吧,22
吧吧,熊嚯嚯
吧吧,刘恒
吧吧,香香
吧吧,狠狠
吧吧,瓶瓶
吧吧,猫猫
吧吧,旧旧
吧吧,思思
吧吧,彭彭
吧吧,小巴子
Sisi,吼吼
Sisi,嘻嘻
Sisi,科科
Sisi,思思
Sisi,22
Sisi,畅畅
Sisi,旧旧
Sisi,希希
Sisi,年年
Sisi,云云
Sisi,菲菲
Sisi,藏藏
小伍,慭慭
小伍,朗朗
小伍,儒儒
小伍,比比
小伍,船船
CC,朗朗
CC,虫虫
悬悬,香香
悬悬,旧旧
悬悬,77
悬悬,黑黑
悬悬,只只
悬悬,吼吼
悬悬,科科
悬悬,22
悬悬,比比
悬悬,猫猫
悬悬,吧吧
悬悬,小巴子
悬悬,刘恒
悬悬,熊嚯嚯
悬悬,秋秋
悬悬,敢敢
悬悬,yoyo
悬悬,思思
悬悬,周周
悬悬,空空
悬悬,昂昂
悬悬,植物人
悬悬,瓶瓶
悬悬,狠狠
希希,黑黑
希希,藏藏
希希,菲菲
希希,云云
希希,Sisi
希希,鱼叔
希希,吼吼
希希,pp
嘻嘻,吼吼
嘻嘻,科科
嘻嘻,Sisi
嘻嘻,思思
嘻嘻,串串
嘻嘻,畅畅
嘻嘻,22
嘻嘻,熊嚯嚯
嘻嘻,念念
嘻嘻,哈哈
嘻嘻,比比
嘻嘻,嗅嗅
嘻嘻,京京
嘻嘻,鱼鱼
嘻嘻,彭彭
嘻嘻,薯薯
落落,思思
落落,葡萄
落落,想想
落落,懒懒
落落,华妹
思思,藏藏
思思,旧旧
思思,Sisi
思思,云云
思思,年年
思思,菲菲
思思,比比
思思,吧吧
思思,敢敢
思思,黑黑
思思,77
思思,悬悬
思思,猫猫
思思,22
思思,熊嚯嚯
思思,京京
思思,吼吼
思思,科科
思思,嘻嘻
思思,畅畅
思思,落落
思思,华妹
吼吼,比比
吼吼,黑黑
吼吼,嚷嚷
吼吼,科科
吼吼,薯薯
吼吼,悬悬
吼吼,嘻嘻
吼吼,22
吼吼,熊嚯嚯
吼吼,思思
吼吼,畅畅
吼吼,喵喵
吼吼,Sisi
吼吼,YY
吼吼,77
吼吼,懒懒
吼吼,11
吼吼,瓶瓶
吼吼,楼楼
吼吼,清浅
吼吼,飞飞
吼吼,华妹
吼吼,彭彭
吼吼,哈哈
吼吼,鱼鱼
吼吼,曦曦
吼吼,嗅嗅
吼吼,念念
吼吼,京京
归归,哎呦
归归,刘恒
归归,苏苏
归归,lulu
归归,凝凝
归归,科科
归归,想想
归归,坑坑
归归,华妹
归归,张张
慭慭,小伍
慭慭,昂昂
慭慭,周周
慭慭,小巴子
慭慭,香香
慭慭,黑黑
哎呦,华妹
哎呦,归归
嚷嚷,只只
嚷嚷,比比
嚷嚷,吼吼
华妹,哎呦
华妹,落落
华妹,然然
华妹,思思
华妹,凝凝
云云,鱼叔
鱼叔,嗅嗅
鱼叔,黑黑
鱼叔,希希
薯薯,黑黑
薯薯,悬悬
薯薯,只只
薯薯,吼吼
薯薯,科科
薯薯,比比
薯薯,彭彭
薯薯,嘻嘻
薯薯,哈哈
薯薯,嗅嗅
薯薯,京京
黑黑,悬悬
黑黑,吼吼
黑黑,科科
黑黑,薯薯
黑黑,只只
黑黑,嘎嘎
黑黑,吧吧
黑黑,敢敢
黑黑,昂昂
黑黑,周周
黑黑,慭慭
黑黑,刘恒
黑黑,香香
黑黑,狠狠
黑黑,圆圆
黑黑,77
黑黑,猫猫
黑黑,旧旧
黑黑,比比
黑黑,思思
黑黑,22
黑黑,熊嚯嚯
黑黑,yoyo
黑黑,京京
黑黑,希希
黑黑,班班
黑黑,植物人
黑黑,云云
黑黑,鱼叔
黑黑,ff
黑黑,小巴子
黑黑,嗅嗅
黑黑,xx
黑黑,懒懒
小巴子,周周
小巴子,吧吧
小巴子,植物人
小巴子,敢敢
小巴子,刘恒
小巴子,瓶瓶
小巴子,黑黑
小巴子,狠狠
小巴子,悬悬
小巴子,空空
小巴子,慭慭
小巴子,椰椰叶
ff,炜炜
黑黑,炜炜
想想,归归
想想,哎呦
哈哈,菲菲
想想,坑坑
想想,落落
涛涛,懒懒
楼楼,昂昂
楼楼,周周
想想,华妹
想想,苏苏
想想,张张
黑黑,潜潜
黑黑,丹丹
懒懒,彭彭
想想,懒懒
懒懒,华妹
懒懒,儒儒
懒懒,想想
华妹,儒儒
坑坑,黑黑
坑坑,丹丹
坑坑,想想
坑坑,归归
坑坑,哎呦
坑坑,华妹
坑坑,张张
哎呦,苏苏
哎呦,张张
哎呦,坑坑
哎呦,想想
儒儒,朗朗
儒儒,比比
儒儒,小伍
儒儒,华妹
儒儒,懒懒
珂珂,涛涛
珂珂,懒懒
小巴子,猪猪
小巴子,欣欣
小巴子,oo
小巴子,哈哈
小巴子,朗朗
小巴子,yoyo
小巴子,黏黏
小巴子,xx
小巴子,金金
小巴子,mama
小巴子,耶耶
小巴子,懵懵
小巴子,椰椰哥哥
嗅嗅,ff
嗅嗅,黑黑
嗅嗅,鱼叔
嗅嗅,朗朗
嗅嗅,彭彭
嗅嗅,哈哈
嗅嗅,比比
嗅嗅,嘻嘻
嗅嗅,吼吼
嗅嗅,薯薯
嗅嗅,曦曦
嗅嗅,京京
嗅嗅,念念
嗅嗅,华妹
兴兴,耶耶
小巴子,鱼鱼
鱼叔,云云
鱼叔,小巴子
鱼叔,ff
黑黑,米斯
小北北,乖乖
小北北,米斯
小北北,怪怪
小北北,清浅
敢敢,朗朗
敢敢,金金
敢敢,米斯
敢敢,哈哈
敢敢,小猪
金金,oo
金金,哈哈
金金,朗朗
金金,yoyo
金金,敢敢
金金,小巴子
金金,悬悬
金金,刘恒
金金,周周
藏藏,希希
藏藏,云云
藏藏,Sisi
藏藏,思思
藏藏,年年
藏藏,旧旧
藏藏,圆圆
藏藏,菲菲
藏藏,土土豆
比比,吼吼
比比,只只
比比,嚷嚷
比比,瓶瓶
比比,吧吧
比比,彭彭
比比,鹤鹤
比比,小伍
比比,闪闪
比比,尤尤
比比,敢敢
比比,悬悬
比比,猫猫
比比,旧旧
比比,黑黑
比比,77
比比,思思
比比,22
比比,熊嚯嚯
比比,京京
比比,哎呦
比比,朗朗
比比,儒儒
比比,懒懒
比比,嘻嘻
比比,嗅嗅
比比,哈哈
比比,薯薯
比比,鱼叔
比比,曦曦
比比,念念
旧旧,藏藏
旧旧,思思
旧旧,Sisi
旧旧,云云
旧旧,年年
旧旧,菲菲
旧旧,比比
旧旧,吧吧
旧旧,敢敢
旧旧,黑黑
旧旧,77
旧旧,悬悬
旧旧,猫猫
旧旧,22
旧旧,熊嚯嚯
旧旧,京京
圆圆,黑黑
圆圆,藏藏
圆圆,丹丹
圆圆,熊嚯嚯
圆圆,22
ff,嗅嗅
ff,黑黑
ff,鱼叔
懒懒,77
懒懒,黑黑
懒懒,吼吼
敢敢,吧吧
敢敢,空空
敢敢,周周
敢敢,小巴子
敢敢,比比
敢敢,瓶瓶
敢敢,旧旧
敢敢,黑黑
敢敢,悬悬
敢敢,77
敢敢,猫猫
敢敢,22
敢敢,熊嚯嚯
敢敢,京京
敢敢,昂昂
敢敢,狠狠
敢敢,香香
敢敢,思思
敢敢,刘恒
敢敢,植物人
敢敢,yoyo
敢敢,大牙
瓶瓶,吧吧
瓶瓶,敢敢
瓶瓶,周周
瓶瓶,空空
瓶瓶,吼吼
瓶瓶,77
瓶瓶,悬悬
瓶瓶,昂昂
瓶瓶,小巴子
瓶瓶,比比
串串,嘻嘻
朗朗,CC
朗朗,小伍
朗朗,船船
朗朗,周周
朗朗,儒儒
朗朗,科科
朗朗,嗅嗅
朗朗,比比
朗朗,慭慭
朗朗,哈哈
朗朗,吧吧
朗朗,植物人
朗朗,小巴子
朗朗,敢敢
朗朗,丫丫
朗朗,悬悬
朗朗,猪猪
朗朗,yoyo
朗朗,黏黏
朗朗,金金
朗朗,XX
朗朗,OO
朗朗,耶耶
朗朗,麻麻
狠狠,吧吧
狠狠,小巴子
狠狠,黑黑
狠狠,香香
狠狠,刘恒
狠狠,昂昂
狠狠,敢敢
狠狠,yoyo
狠狠,悬悬
吧吧,植物人
吧吧,比比
吧吧,敢敢
吧吧,黑黑
吧吧,悬悬
吧吧,周周
吧吧,空空
吧吧,大牙
吧吧,77
吧吧,昂昂
吧吧,京京
吧吧,22
吧吧,熊嚯嚯
吧吧,刘恒
吧吧,香香
吧吧,狠狠
吧吧,瓶瓶
吧吧,猫猫
吧吧,旧旧
吧吧,思思
吧吧,彭彭
吧吧,小巴子
Sisi,吼吼
Sisi,嘻嘻
Sisi,科科
Sisi,思思
Sisi,22
Sisi,畅畅
Sisi,旧旧
Sisi,希希
Sisi,年年
Sisi,云云
Sisi,菲菲
Sisi,藏藏
小伍,慭慭
小伍,朗朗
小伍,儒儒
小伍,比比
小伍,船船
CC,朗朗
CC,虫虫
悬悬,香香
悬悬,旧旧
悬悬,77
悬悬,黑黑
悬悬,只只
悬悬,吼吼
悬悬,科科
悬悬,22
悬悬,比比
悬悬,猫猫
悬悬,吧吧
悬悬,小巴子
悬悬,刘恒
悬悬,熊嚯嚯
悬悬,秋秋
悬悬,敢敢
悬悬,yoyo
悬悬,思思
悬悬,周周
悬悬,空空
悬悬,昂昂
悬悬,植物人
悬悬,瓶瓶
悬悬,狠狠
希希,黑黑
希希,藏藏
希希,菲菲
希希,云云
希希,Sisi
希希,鱼叔
希希,吼吼
希希,pp
嘻嘻,吼吼
嘻嘻,科科
嘻嘻,Sisi
嘻嘻,思思
嘻嘻,串串
嘻嘻,畅畅
嘻嘻,22
嘻嘻,熊嚯嚯
嘻嘻,念念
嘻嘻,哈哈
嘻嘻,比比
嘻嘻,嗅嗅
嘻嘻,京京
嘻嘻,鱼鱼
嘻嘻,彭彭
嘻嘻,薯薯
落落,思思
落落,葡萄
落落,想想
落落,懒懒
落落,华妹
思思,藏藏
思思,旧旧
思思,Sisi
思思,云云
思思,年年
思思,菲菲
思思,比比
思思,吧吧
思思,敢敢
思思,黑黑
思思,77
思思,悬悬
思思,猫猫
思思,22
思思,熊嚯嚯
思思,京京
思思,吼吼
思思,科科
思思,嘻嘻
思思,畅畅
思思,落落
思思,华妹
吼吼,比比
吼吼,黑黑
吼吼,嚷嚷
吼吼,科科
吼吼,薯薯
吼吼,悬悬
吼吼,嘻嘻
吼吼,22
吼吼,熊嚯嚯
吼吼,思思
吼吼,畅畅
吼吼,喵喵
吼吼,Sisi
吼吼,YY
吼吼,77
吼吼,懒懒
吼吼,11
吼吼,瓶瓶
吼吼,楼楼
吼吼,清浅
吼吼,飞飞
吼吼,华妹
吼吼,彭彭
吼吼,哈哈
吼吼,鱼鱼
吼吼,曦曦
吼吼,嗅嗅
吼吼,念念
吼吼,京京
归归,哎呦
归归,刘恒
归归,苏苏
归归,lulu
归归,凝凝
归归,科科
归归,想想
归归,坑坑
归归,华妹
归归,张张
慭慭,小伍
慭慭,昂昂
慭慭,周周
慭慭,小巴子
慭慭,香香
慭慭,黑黑
哎呦,华妹
哎呦,归归
嚷嚷,只只
嚷嚷,比比
嚷嚷,吼吼
华妹,哎呦
华妹,落落
华妹,然然
华妹,思思
华妹,凝凝
云云,鱼叔
鱼叔,嗅嗅
鱼叔,黑黑
鱼叔,希希
薯薯,黑黑
薯薯,悬悬
薯薯,只只
薯薯,吼吼
薯薯,科科
薯薯,比比
薯薯,彭彭
薯薯,嘻嘻
薯薯,哈哈
薯薯,嗅嗅
薯薯,京京
黑黑,悬悬
黑黑,吼吼
黑黑,科科
黑黑,薯薯
黑黑,只只
黑黑,嘎嘎
黑黑,吧吧
黑黑,敢敢
黑黑,昂昂
黑黑,周周
黑黑,慭慭
黑黑,刘恒
黑黑,香香
黑黑,狠狠
黑黑,圆圆
黑黑,77
黑黑,猫猫
黑黑,旧旧
黑黑,比比
黑黑,思思
黑黑,22
黑黑,熊嚯嚯
黑黑,yoyo
黑黑,京京
黑黑,希希
黑黑,班班
黑黑,植物人
黑黑,云云
黑黑,鱼叔
黑黑,ff
黑黑,小巴子
黑黑,嗅嗅
黑黑,xx
黑黑,懒懒
小巴子,周周
小巴子,吧吧
小巴子,植物人
小巴子,敢敢
小巴子,刘恒
小巴子,瓶瓶
小巴子,黑黑
小巴子,狠狠
小巴子,悬悬
小巴子,空空
小巴子,慭慭
小巴子,椰椰叶
ff,炜炜
黑黑,炜炜
想想,归归
想想,哎呦
哈哈,菲菲
想想,坑坑
想想,落落
涛涛,懒懒
楼楼,昂昂
楼楼,周周
想想,华妹
想想,苏苏
想想,张张
黑黑,潜潜
黑黑,丹丹
懒懒,彭彭
想想,懒懒
懒懒,华妹
懒懒,儒儒
懒懒,想想
华妹,儒儒
坑坑,黑黑
坑坑,丹丹
坑坑,想想
坑坑,归归
坑坑,哎呦
坑坑,华妹
坑坑,张张
哎呦,苏苏
哎呦,张张
哎呦,坑坑
哎呦,想想
儒儒,朗朗
儒儒,比比
儒儒,小伍
儒儒,华妹
儒儒,懒懒
珂珂,涛涛
珂珂,懒懒
小巴子,猪猪
小巴子,欣欣
小巴子,oo
小巴子,哈哈
小巴子,朗朗
小巴子,yoyo
小巴子,黏黏
小巴子,xx
小巴子,金金
小巴子,mama
小巴子,耶耶
小巴子,懵懵
小巴子,椰椰哥哥
嗅嗅,ff
嗅嗅,黑黑
嗅嗅,鱼叔
嗅嗅,朗朗
嗅嗅,彭彭
嗅嗅,哈哈
嗅嗅,比比
嗅嗅,嘻嘻
嗅嗅,吼吼
嗅嗅,薯薯
嗅嗅,曦曦
嗅嗅,京京
嗅嗅,念念
嗅嗅,华妹
兴兴,耶耶
小巴子,鱼鱼
鱼叔,云云
鱼叔,小巴子
鱼叔,ff
黑黑,米斯
小北北,乖乖
小北北,米斯
小北北,怪怪
小北北,清浅
敢敢,朗朗
敢敢,金金
敢敢,米斯
敢敢,哈哈
敢敢,小猪
金金,oo
金金,哈哈
金金,朗朗
金金,yoyo
金金,敢敢
金金,小巴子
金金,悬悬
金金,刘恒
金金,周周
藏藏,希希
藏藏,云云
藏藏,Sisi
藏藏,思思
藏藏,年年
藏藏,旧旧
藏藏,圆圆
藏藏,菲菲
藏藏,土土豆
比比,吼吼
比比,只只
比比,嚷嚷
比比,瓶瓶
比比,吧吧
比比,彭彭
比比,鹤鹤
比比,小伍
比比,闪闪
比比,尤尤
比比,敢敢
比比,悬悬
比比,猫猫
比比,旧旧
比比,黑黑
比比,77
比比,思思
比比,22
比比,熊嚯嚯
比比,京京
比比,哎呦
比比,朗朗
比比,儒儒
比比,懒懒
比比,嘻嘻
比比,嗅嗅
比比,哈哈
比比,薯薯
比比,鱼叔
比比,曦曦
比比,念念
旧旧,藏藏
旧旧,思思
旧旧,Sisi
旧旧,云云
旧旧,年年
旧旧,菲菲
旧旧,比比
旧旧,吧吧
旧旧,敢敢
旧旧,黑黑
旧旧,77
旧旧,悬悬
旧旧,猫猫
旧旧,22
旧旧,熊嚯嚯
旧旧,京京
圆圆,黑黑
圆圆,藏藏
圆圆,丹丹
圆圆,熊嚯嚯
圆圆,22
ff,嗅嗅
ff,黑黑
ff,鱼叔
懒懒,77
懒懒,黑黑
懒懒,吼吼
敢敢,吧吧
敢敢,空空
敢敢,周周
敢敢,小巴子
敢敢,比比
敢敢,瓶瓶
敢敢,旧旧
敢敢,黑黑
敢敢,悬悬
敢敢,77
敢敢,猫猫
敢敢,22
敢敢,熊嚯嚯
敢敢,京京
敢敢,昂昂
敢敢,狠狠
敢敢,香香
敢敢,思思
敢敢,刘恒
敢敢,植物人
敢敢,yoyo
敢敢,大牙
瓶瓶,吧吧
瓶瓶,敢敢
瓶瓶,周周
瓶瓶,空空
瓶瓶,吼吼
瓶瓶,77
瓶瓶,悬悬
瓶瓶,昂昂
瓶瓶,小巴子
瓶瓶,比比
串串,嘻嘻
朗朗,CC
朗朗,小伍
朗朗,船船
朗朗,周周
朗朗,儒儒
朗朗,科科
朗朗,嗅嗅
朗朗,比比
朗朗,慭慭
朗朗,哈哈
朗朗,吧吧
朗朗,植物人
朗朗,小巴子
朗朗,敢敢
朗朗,丫丫
朗朗,悬悬
朗朗,猪猪
朗朗,yoyo
朗朗,黏黏
朗朗,金金
朗朗,XX
朗朗,OO
朗朗,耶耶
朗朗,麻麻
狠狠,吧吧
狠狠,小巴子
狠狠,黑黑
狠狠,香香
狠狠,刘恒
狠狠,昂昂
狠狠,敢敢
狠狠,yoyo
狠狠,悬悬
吧吧,植物人
吧吧,比比
吧吧,敢敢
吧吧,黑黑
吧吧,悬悬
吧吧,周周
吧吧,空空
吧吧,大牙
吧吧,77
吧吧,昂昂
吧吧,京京
吧吧,22
吧吧,熊嚯嚯
吧吧,刘恒
吧吧,香香
吧吧,狠狠
吧吧,瓶瓶
吧吧,猫猫
吧吧,旧旧
吧吧,思思
吧吧,彭彭
吧吧,小巴子
Sisi,吼吼
Sisi,嘻嘻
Sisi,科科
Sisi,思思
Sisi,22
Sisi,畅畅
Sisi,旧旧
Sisi,希希
Sisi,年年
Sisi,云云
Sisi,菲菲
Sisi,藏藏
小伍,慭慭
小伍,朗朗
小伍,儒儒
小伍,比比
小伍,船船
CC,朗朗
CC,虫虫
悬悬,香香
悬悬,旧旧
悬悬,77
悬悬,黑黑
悬悬,只只
悬悬,吼吼
悬悬,科科
悬悬,22
悬悬,比比
悬悬,猫猫
悬悬,吧吧
悬悬,小巴子
悬悬,刘恒
悬悬,熊嚯嚯
悬悬,秋秋
悬悬,敢敢
悬悬,yoyo
悬悬,思思
悬悬,周周
悬悬,空空
悬悬,昂昂
悬悬,植物人
悬悬,瓶瓶
悬悬,狠狠
希希,黑黑
希希,藏藏
希希,菲菲
希希,云云
希希,Sisi
希希,鱼叔
希希,吼吼
希希,pp
嘻嘻,吼吼
嘻嘻,科科
嘻嘻,Sisi
嘻嘻,思思
嘻嘻,串串
嘻嘻,畅畅
嘻嘻,22
嘻嘻,熊嚯嚯
嘻嘻,念念
嘻嘻,哈哈
嘻嘻,比比
嘻嘻,嗅嗅
嘻嘻,京京
嘻嘻,鱼鱼
嘻嘻,彭彭
嘻嘻,薯薯
落落,思思
落落,葡萄
落落,想想
落落,懒懒
落落,华妹
思思,藏藏
思思,旧旧
思思,Sisi
思思,云云
思思,年年
思思,菲菲
思思,比比
思思,吧吧
思思,敢敢
思思,黑黑
思思,77
思思,悬悬
思思,猫猫
思思,22
思思,熊嚯嚯
思思,京京
思思,吼吼
思思,科科
思思,嘻嘻
思思,畅畅
思思,落落
思思,华妹
吼吼,比比
吼吼,黑黑
吼吼,嚷嚷
吼吼,科科
吼吼,薯薯
吼吼,悬悬
吼吼,嘻嘻
吼吼,22
吼吼,熊嚯嚯
吼吼,思思
吼吼,畅畅
吼吼,喵喵
吼吼,Sisi
吼吼,YY
吼吼,77
吼吼,懒懒
吼吼,11
吼吼,瓶瓶
吼吼,楼楼
吼吼,清浅
吼吼,飞飞
吼吼,华妹
吼吼,彭彭
吼吼,哈哈
吼吼,鱼鱼
吼吼,曦曦
吼吼,嗅嗅
吼吼,念念
吼吼,京京
归归,哎呦
归归,刘恒
归归,苏苏
归归,lulu
归归,凝凝
归归,科科
归归,想想
归归,坑坑
归归,华妹
归归,张张
慭慭,小伍
慭慭,昂昂
慭慭,周周
慭慭,小巴子
慭慭,香香
慭慭,黑黑
哎呦,华妹
哎呦,归归
嚷嚷,只只
嚷嚷,比比
嚷嚷,吼吼
华妹,哎呦
华妹,落落
华妹,然然
华妹,思思
华妹,凝凝
云云,鱼叔
鱼叔,嗅嗅
鱼叔,黑黑
鱼叔,希希
薯薯,黑黑
薯薯,悬悬
薯薯,只只
薯薯,吼吼
薯薯,科科
薯薯,比比
薯薯,彭彭
薯薯,嘻嘻
薯薯,哈哈
薯薯,嗅嗅
薯薯,京京
黑黑,悬悬
黑黑,吼吼
黑黑,科科
黑黑,薯薯
黑黑,只只
黑黑,嘎嘎
黑黑,吧吧
黑黑,敢敢
黑黑,昂昂
黑黑,周周
黑黑,慭慭
黑黑,刘恒
黑黑,香香
黑黑,狠狠
黑黑,圆圆
黑黑,77
黑黑,猫猫
黑黑,旧旧
黑黑,比比
黑黑,思思
黑黑,22
黑黑,熊嚯嚯
黑黑,yoyo
黑黑,京京
黑黑,希希
黑黑,班班
黑黑,植物人
黑黑,云云
黑黑,鱼叔
黑黑,ff
黑黑,小巴子
黑黑,嗅嗅
黑黑,xx
黑黑,懒懒
小巴子,周周
小巴子,吧吧
小巴子,植物人
小巴子,敢敢
小巴子,刘恒
小巴子,瓶瓶
小巴子,黑黑
小巴子,狠狠
小巴子,悬悬
小巴子,空空
小巴子,慭慭
小巴子,椰椰叶
ff,炜炜
黑黑,炜炜
想想,归归
想想,哎呦
哈哈,菲菲
想想,坑坑
想想,落落
涛涛,懒懒
楼楼,昂昂
楼楼,周周
想想,华妹
想想,苏苏
想想,张张
黑黑,潜潜
黑黑,丹丹
懒懒,彭彭
想想,懒懒
懒懒,华妹
懒懒,儒儒
懒懒,想想
华妹,儒儒
坑坑,黑黑
坑坑,丹丹
坑坑,想想
坑坑,归归
坑坑,哎呦
坑坑,华妹
坑坑,张张
哎呦,苏苏
哎呦,张张
哎呦,坑坑
哎呦,想想
儒儒,朗朗
儒儒,比比
儒儒,小伍
儒儒,华妹
儒儒,懒懒
珂珂,涛涛
珂珂,懒懒
小巴子,猪猪
小巴子,欣欣
小巴子,oo
小巴子,哈哈
小巴子,朗朗
小巴子,yoyo
小巴子,黏黏
小巴子,xx
小巴子,金金
小巴子,mama
小巴子,耶耶
小巴子,懵懵
小巴子,椰椰哥哥
嗅嗅,ff
嗅嗅,黑黑
嗅嗅,鱼叔
嗅嗅,朗朗
嗅嗅,彭彭
嗅嗅,哈哈
嗅嗅,比比
嗅嗅,嘻嘻
嗅嗅,吼吼
嗅嗅,薯薯
嗅嗅,曦曦
嗅嗅,京京
嗅嗅,念念
嗅嗅,华妹
兴兴,耶耶
小巴子,鱼鱼
鱼叔,云云
鱼叔,小巴子
鱼叔,ff
黑黑,米斯
小北北,乖乖
小北北,米斯
小北北,怪怪
小北北,清浅
敢敢,朗朗
敢敢,金金
敢敢,米斯
敢敢,哈哈
敢敢,小猪
金金,oo
金金,哈哈
金金,朗朗
金金,yoyo
金金,敢敢
金金,小巴子
金金,悬悬
金金,刘恒
金金,周周
藏藏,希希
藏藏,云云
藏藏,Sisi
藏藏,思思
藏藏,年年
藏藏,旧旧
藏藏,圆圆
藏藏,菲菲
藏藏,土土
藏藏,彭彭
比比,吼吼
比比,只只
比比,嚷嚷
比比,瓶瓶
比比,吧吧
比比,彭彭
比比,鹤鹤
比比,伍伍
比比,闪闪
比比,尤尤
比比,敢敢
比比,悬悬
比比,猫猫
比比,旧旧
比比,黑黑
比比,77
比比,思思
比比,22
比比,熊嚯嚯
比比,京京
比比,哎呦
比比,朗朗
比比,儒儒
比比,懒懒
比比,yinyin
比比,嘻嘻
比比,嗅嗅
比比,哈哈
比比,薯薯
比比,鱼鱼
比比,曦曦
比比,念念
旧旧,藏藏
旧旧,思思
旧旧,Sisi
旧旧,云云
旧旧,年年
旧旧,菲菲
旧旧,比比
旧旧,吧吧
旧旧,敢敢
旧旧,黑黑
旧旧,77
旧旧,悬悬
旧旧,猫猫
旧旧,22
旧旧,熊嚯嚯
旧旧,京京
圆圆,黑黑
圆圆,藏藏
圆圆,丹丹
圆圆,熊嚯嚯
圆圆,22
ff,嗅嗅
ff,黑黑
ff,鱼鱼
懒懒,77
懒懒,黑黑
懒懒,吼吼
敢敢,吧吧
敢敢,空空
敢敢,周周
敢敢,雒雒
敢敢,比比
敢敢,瓶瓶
敢敢,旧旧
敢敢,黑黑
敢敢,悬悬
敢敢,77
敢敢,猫猫
敢敢,22
敢敢,熊嚯嚯
敢敢,京京
敢敢,昂昂
敢敢,狠狠
敢敢,香香
敢敢,思思
敢敢,刘恒
敢敢,植物人
敢敢,yoyo
敢敢,大牙
瓶瓶,吧吧
瓶瓶,敢敢
瓶瓶,周周
瓶瓶,空空
瓶瓶,吼吼
瓶瓶,77
瓶瓶,悬悬
瓶瓶,昂昂
瓶瓶,雒雒
瓶瓶,比比
串串,嘻嘻
朗朗,CC
朗朗,伍伍
朗朗,船船
朗朗,周周
朗朗,儒儒
朗朗,科科
朗朗,嗅嗅
朗朗,比比
朗朗,yinyin
朗朗,哈哈
朗朗,吧吧
朗朗,植物人
朗朗,雒雒
朗朗,敢敢
朗朗,刘恒
朗朗,悬悬
朗朗,猪猪
朗朗,yoyo
朗朗,黏黏
朗朗,金金
朗朗,XX
朗朗,OO
朗朗,耶耶
朗朗,mama
狠狠,吧吧
狠狠,雒雒
狠狠,黑黑
狠狠,香香
狠狠,刘恒
狠狠,昂昂
狠狠,敢敢
狠狠,yoyo
狠狠,悬悬
吧吧,植物人
吧吧,比比
吧吧,敢敢
吧吧,黑黑
吧吧,悬悬
吧吧,周周
吧吧,空空
吧吧,大牙
吧吧,77
吧吧,昂昂
吧吧,京京
吧吧,22
吧吧,熊嚯嚯
吧吧,刘恒
吧吧,香香
吧吧,狠狠
吧吧,瓶瓶
吧吧,猫猫
吧吧,旧旧
吧吧,思思
吧吧,彭彭
吧吧,雒雒
Sisi,吼吼
Sisi,嘻嘻
Sisi,科科
Sisi,思思
Sisi,22
Sisi,畅畅
Sisi,旧旧
Sisi,希希
Sisi,年年
Sisi,云云
Sisi,菲菲
Sisi,藏藏
伍伍,yinyin
伍伍,朗朗
伍伍,吼吼
伍伍,儒儒
伍伍,比比
伍伍,船船
CC,朗朗
CC,虫虫
悬悬,香香
悬悬,旧旧
悬悬,77
悬悬,黑黑
悬悬,只只
悬悬,吼吼
悬悬,科科
悬悬,22
悬悬,比比
悬悬,猫猫
悬悬,吧吧
悬悬,雒雒
悬悬,刘恒
悬悬,熊嚯嚯
悬悬,秋秋
悬悬,敢敢
悬悬,yoyo
悬悬,思思
悬悬,周周
悬悬,空空
悬悬,昂昂
悬悬,植物人
悬悬,瓶瓶
悬悬,狠狠
希希,黑黑
希希,藏藏
希希,菲菲
希希,云云
希希,Sisi
希希,鱼鱼
希希,吼吼
希希,彭彭
嘻嘻,吼吼
嘻嘻,科科
嘻嘻,Sisi
嘻嘻,思思
嘻嘻,串串
嘻嘻,畅畅
嘻嘻,22
嘻嘻,熊嚯嚯
嘻嘻,念念
嘻嘻,哈哈
嘻嘻,比比
嘻嘻,嗅嗅
嘻嘻,京京
嘻嘻,鱼鱼
嘻嘻,彭彭
嘻嘻,薯薯
落落,思思
落落,葡萄
落落,想想
落落,懒懒
落落,华妹
思思,藏藏
思思,旧旧
思思,Sisi
思思,云云
思思,年年
思思,菲菲
思思,比比
思思,吧吧
思思,敢敢
思思,黑黑
思思,77
思思,悬悬
思思,猫猫
思思,22
思思,熊嚯嚯
思思,京京
思思,吼吼
思思,科科
思思,嘻嘻
思思,畅畅
思思,落落
思思,华妹
吼吼,比比
吼吼,黑黑
吼吼,嚷嚷
吼吼,科科
吼吼,薯薯
吼吼,悬悬
吼吼,嘻嘻
吼吼,22
吼吼,熊嚯嚯
吼吼,思思
吼吼,畅畅
吼吼,喵喵
吼吼,Sisi
吼吼,YY
吼吼,77
吼吼,懒懒
吼吼,11
吼吼,瓶瓶
吼吼,楼楼
吼吼,清浅
吼吼,飞飞
吼吼,华妹
吼吼,彭彭
吼吼,伍伍
吼吼,yinyin
吼吼,哈哈
吼吼,鱼鱼
吼吼,曦曦
吼吼,嗅嗅
吼吼,念念
吼吼,京京
归归,哎呦
归归,刘恒
归归,苏苏
归归,lulu
归归,凝凝
归归,科科
归归,想想
归归,坑坑
归归,华妹
归归,张张
yinyin,伍伍
yinyin,昂昂
yinyin,周周
yinyin,雒雒
yinyin,香香
yinyin,黑黑
哎呦,华妹
哎呦,归归
嚷嚷,只只
嚷嚷,比比
嚷嚷,吼吼
华妹,哎呦
华妹,落落
华妹,然然
华妹,思思
华妹,凝凝
云云,鱼鱼
鱼鱼,嗅嗅
鱼鱼,黑黑
鱼鱼,希希
薯薯,黑黑
薯薯,悬悬
薯薯,只只
薯薯,吼吼
薯薯,科科
薯薯,比比
薯薯,彭彭
薯薯,嘻嘻
薯薯,哈哈
薯薯,嗅嗅
薯薯,京京
黑黑,悬悬
黑黑,吼吼
黑黑,科科
黑黑,薯薯
黑黑,只只
黑黑,嘎嘎
黑黑,吧吧
黑黑,敢敢
黑黑,昂昂
黑黑,周周
黑黑,yinyin
黑黑,刘恒
黑黑,香香
黑黑,狠狠
黑黑,圆圆
黑黑,77
黑黑,猫猫
黑黑,旧旧
黑黑,比比
黑黑,思思
黑黑,22
黑黑,熊嚯嚯
黑黑,yoyo
黑黑,京京
黑黑,希希
黑黑,班班
黑黑,植物人
黑黑,云云
黑黑,鱼鱼
黑黑,ff
黑黑,雒雒
黑黑,嗅嗅
黑黑,xx
黑黑,懒懒
雒雒,周周
雒雒,吧吧
雒雒,植物人
雒雒,敢敢
雒雒,刘恒
雒雒,瓶瓶
雒雒,黑黑
雒雒,狠狠
雒雒,悬悬
雒雒,空空
雒雒,yinyin
雒雒,弋弋
ff,炜炜
黑黑,炜炜
想想,归归
想想,哎呦
哈哈,菲菲
想想,坑坑
想想,落落
涛涛,懒懒
楼楼,昂昂
楼楼,周周
想想,华妹
想想,苏苏
想想,张张
黑黑,潜潜
黑黑,丹丹
懒懒,彭彭
想想,懒懒
懒懒,华妹
懒懒,儒儒
懒懒,想想
华妹,儒儒
坑坑,黑黑
坑坑,丹丹
坑坑,想想
坑坑,归归
坑坑,哎呦
坑坑,华妹
坑坑,张张
哎呦,苏苏
哎呦,张张
哎呦,坑坑
哎呦,想想
儒儒,朗朗
儒儒,比比
儒儒,伍伍
儒儒,华妹
儒儒,懒懒
珂珂,涛涛
珂珂,懒懒
雒雒,猪猪
雒雒,欣欣
雒雒,oo
雒雒,哈哈
雒雒,朗朗
雒雒,yoyo
雒雒,黏黏
雒雒,xx
雒雒,金金
雒雒,mama
雒雒,耶耶
雒雒,懵懵
雒雒,椰椰
嗅嗅,ff
嗅嗅,黑黑
嗅嗅,鱼鱼
嗅嗅,朗朗
嗅嗅,彭彭
嗅嗅,哈哈
嗅嗅,比比
嗅嗅,嘻嘻
嗅嗅,吼吼
嗅嗅,薯薯
嗅嗅,曦曦
嗅嗅,京京
嗅嗅,念念
嗅嗅,华妹
兴兴,耶耶
雒雒,鱼鱼
鱼叔,云云
鱼叔,雒雒
鱼叔,ff
黑黑,米斯
小北北,乖乖
小北北,米斯
小北北,怪怪
小北北,清浅
峰峰,兴兴
峰峰,耶耶
敢敢,朗朗
敢敢,金金
敢敢,米斯
敢敢,哈哈
敢敢,猪猪
金金,oo
金金,哈哈
金金,朗朗
金金,yoyo
金金,敢敢
金金,雒雒
金金,悬悬
金金,刘恒
金金,周周
想想,77
想想,乖乖
周周,楼楼
楼楼,昂昂
花花,希希
周周,金金
周周,哈哈
周周,吧吧
周周,雒雒
周周,空空
周周,yoyo
周周,敢敢
周周,朗朗
